"BROKEN","EPIC","FAILED","FEATURE","PASSED","SKIPPED","STORY","UNKNOWN"
"0","","0","Products","22","0","List: pagination, select, sort, date filter, delay","0"
"0","","0","Auth","6","6","Current user (Bearer access)","0"
"0","","0","Auth","7","2","Refresh tokens","0"
"0","","0","Auth","14","2","Login","0"
"0","","0","Products","2","2","Add a product (simulated)","0"
"0","","0","Products","6","2","Update and delete a product (simulated)","0"
"0","","0","Products","7","0","Get one product","0"
"0","","0","Products","5","0","Search","0"
"0","","0","Products","4","0","Categories","0"
"0","","0","Products","4","0","Bearer-protected product routes (/auth/products)","0"
