"DESCRIPTION","DURATION IN MS","NAME","PARENT SUITE","START TIME","STATUS","STOP TIME","SUB SUITE","SUITE","TEST CLASS","TEST METHOD"
"RULE-products-writes-simulated. Verifies: read-your-write: the change is returned but not saved.","402","PATCH returns the change but does not persist it","tests.products","2026-10-10","passed","2026-10-10","TestUpdateDeleteProduct","test_006_update_delete_product","",""
"RULE-products-search-title-description (observed live: empty q → all).
        Verifies: pins the observed empty-q behaviour.","296","Empty query returns the whole catalog","tests.products","2026-10-10","passed","2026-10-10","TestSearchProducts","test_003_search_products","",""
"RULE-auth-expired-token-rejected + RULE-auth-refresh-issues-new-pair.
        Verifies: the full lifecycle — works → expires → refresh recovers.","64757","Expired token is rejected, then refresh recovers","tests.auth","2026-10-10","passed","2026-10-10","TestCurrentUser","test_002_current_user","",""
"RULE-products-default-page-30. Verifies: defaults: first page of 30.","173","Default list is the first page of 30","tests.products","2026-10-10","passed","2026-10-10","TestListProducts","test_001_list_products","",""
"RULE-products-modified-date-filter. Verifies: a bad date is rejected with a reason.","129","Invalid modifiedAfter date is rejected with 400","tests.products","2026-10-10","passed","2026-10-10","TestListProducts","test_001_list_products","",""
"Endpoint inventory: every error body is exactly {""message"": <string>}.
        Verifies: auth errors use the standard {message} body.","138","Protected-route errors use the standard error body","tests.auth","2026-10-10","passed","2026-10-10","TestCurrentUser","test_002_current_user","",""
"RULE-auth-refresh-issues-new-pair: new pair without username/password; token in body or cookie.
        Verifies: a refresh token buys a working access token.","255","Refresh issues a working access token","tests.auth","2026-10-10","passed","2026-10-10","TestRefresh","test_003_refresh","",""
"RULE-products-search-title-description. Verifies: case doesn't matter.","300","Search ignores case","tests.products","2026-10-10","passed","2026-10-10","TestSearchProducts","test_003_search_products","",""
"RULE-auth-expiry-configurable. Verifies: the requested lifetime is honoured at both ends.","131","Token lifetime follows expiresInMins","tests.auth","2026-10-10","passed","2026-10-10","TestLogin","test_001_login","",""
"RULE-auth-bearer-required-on-auth-routes. Verifies: no token, no access.","124","Missing token is rejected with 401","tests.auth","2026-10-10","passed","2026-10-10","TestCurrentUser","test_002_current_user","",""
"RULE-products-category-filter. Verifies: the filter is exact.","142","Category filter returns only that category","tests.products","2026-10-10","passed","2026-10-10","TestCategories","test_004_categories","",""
"RULE-auth-refresh-token-single-use (inferred). Verifies: a refresh token is single-use.","377","A used refresh token cannot be reused","tests.auth","2026-10-10","skipped","2026-10-10","TestRefresh","test_003_refresh","",""
"RULE-auth-bearer-required-on-auth-routes. Verifies: protected update/delete are locked.","310","Protected update and delete require a token","tests.products","2026-10-10","passed","2026-10-10","TestProtectedProductRoutes","test_007_protected_routes","",""
"RULE-auth-cookie-token-accepted. Verifies: the cookie path works like the header.","139","Access token is accepted as a cookie","tests.auth","2026-10-10","passed","2026-10-10","TestCurrentUser","test_002_current_user","",""
"RULE-products-select-fields: comma-separated or repeated select; id always included.
        Verifies: field selection trims the payload.","139","select returns only the requested fields","tests.products","2026-10-10","passed","2026-10-10","TestListProducts","test_001_list_products","",""
"RULE-products-add-validates-body (inferred). Verifies: a product needs content.","124","Empty body is rejected","tests.products","2026-10-10","skipped","2026-10-10","TestAddProduct","test_005_add_product","",""
"RULE-products-unknown-id-not-found. Verifies: writes to missing products fail clearly.","125","Writes to an unknown product return 404","tests.products","2026-10-10","passed","2026-10-10","TestUpdateDeleteProduct","test_006_update_delete_product","",""
"RULE-products-modified-date-filter. Verifies: the date filter keeps exactly the products in range.","311","modifiedAfter / modifiedBefore keep exactly the products in range","tests.products","2026-10-10","passed","2026-10-10","TestListProducts","test_001_list_products","",""
"RULE-auth-login-returns-token-pair: login returns identity + access and refresh JWTs.
        Verifies: valid credentials log the user in.","644","Valid credentials return a token pair","tests.auth","2026-10-10","passed","2026-10-10","TestLogin","test_001_login","",""
"RULE-products-sort-by-order. Verifies: bad sort input is rejected with a reason.","127","Invalid sort order is rejected with 400","tests.products","2026-10-10","passed","2026-10-10","TestListProducts","test_001_list_products","",""
"RULE-auth-refresh-issues-new-pair. Verifies: refresh returns exactly the two tokens.","130","Refresh response matches RefreshResponse exactly","tests.auth","2026-10-10","passed","2026-10-10","TestRefresh","test_003_refresh","",""
"Endpoint inventory: ProductList / Product (21 required fields, brand optional, no extras).
        Verifies: every item on a page is a valid Product.","446","Every product in the catalog matches Product","tests.products","2026-10-10","passed","2026-10-10","TestListProducts","test_001_list_products","",""
"RULE-auth-bad-credentials-generic-error: wrong password and unknown user both return 400
        ""Invalid credentials"". Verifies: no login, and no hint which usernames exist.","127","Bad credentials are rejected without saying which","tests.auth","2026-10-10","passed","2026-10-10","TestLogin","test_001_login","",""
"RULE-products-search-title-description + RULE-products-limit-skip-paginate.
        Verifies: search results page like the list.","293","Search results can be paginated","tests.products","2026-10-10","passed","2026-10-10","TestSearchProducts","test_003_search_products","",""
"Endpoint inventory: every error body is exactly {""message"": <string>}.
        Verifies: 404 uses the standard body.","129","404 uses the standard error body","tests.products","2026-10-10","passed","2026-10-10","TestGetProduct","test_002_get_product","",""
"RULE-auth-refresh-token-required: invalid → 403, missing → 401. Verifies: a bad refresh token is refused.","126","Invalid refresh token is rejected with 403","tests.auth","2026-10-10","passed","2026-10-10","TestRefresh","test_003_refresh","",""
"RULE-products-unknown-id-not-found. Verifies: unknown ids fail with a useful message.","126","Unknown product id returns 404 with a reason","tests.products","2026-10-10","passed","2026-10-10","TestGetProduct","test_002_get_product","",""
"Endpoint inventory: every error body is exactly {""message"": <string>}.
        Verifies: validation errors use the standard body.","386","List validation errors use the standard error body","tests.products","2026-10-10","passed","2026-10-10","TestListProducts","test_001_list_products","",""
"RULE-products-sort-by-order. Verifies: sorting covers the whole result.","148","Products sort by price","tests.products","2026-10-10","passed","2026-10-10","TestListProducts","test_001_list_products","",""
"RULE-auth-invalid-token-rejected (inferred). Verifies: garbage is refused cleanly.","129","Malformed token is rejected with 401","tests.auth","2026-10-10","skipped","2026-10-10","TestCurrentUser","test_002_current_user","",""
"RULE-auth-login-returns-token-pair. Verifies: the token itself names the logged-in user.","135","Access token claims identify the user","tests.auth","2026-10-10","passed","2026-10-10","TestLogin","test_001_login","",""
"RULE-products-modified-date-filter. Verifies: the date filter keeps exactly the products in range.","302","modifiedAfter / modifiedBefore keep exactly the products in range","tests.products","2026-10-10","passed","2026-10-10","TestListProducts","test_001_list_products","",""
"RULE-auth-expiry-configurable. Verifies: the requested lifetime is honoured at both ends.","126","Token lifetime follows expiresInMins","tests.auth","2026-10-10","passed","2026-10-10","TestLogin","test_001_login","",""
"RULE-products-limit-skip-paginate. Verifies: paging past the end is safe.","274","Skipping past the end returns an empty page","tests.products","2026-10-10","passed","2026-10-10","TestListProducts","test_001_list_products","",""
"RULE-products-invalid-paging-rejected. Verifies: bad paging input is rejected with a reason.","130","Invalid limit is rejected with 400","tests.products","2026-10-10","passed","2026-10-10","TestListProducts","test_001_list_products","",""
"RULE-products-add-validates-body (inferred). Verifies: field types are validated.","127","Wrong price type is rejected","tests.products","2026-10-10","skipped","2026-10-10","TestAddProduct","test_005_add_product","",""
"RULE-auth-invalid-token-rejected (inferred). Verifies: a non-Bearer scheme is refused.","126","Wrong auth scheme is rejected with 401","tests.auth","2026-10-10","skipped","2026-10-10","TestCurrentUser","test_002_current_user","",""
"RULE-products-search-title-description. Verifies: no match is an empty result, not an error.","136","No match returns an empty result","tests.products","2026-10-10","passed","2026-10-10","TestSearchProducts","test_003_search_products","",""
"RULE-auth-expiry-configurable (observed live: 0 → 30 days). Verifies: pins the observed meaning of 0.","130","expiresInMins 0 gives a 30-day token","tests.auth","2026-10-10","passed","2026-10-10","TestLogin","test_001_login","",""
"RULE-products-delay-max-5000. Verifies: the documented delay range is enforced.","5139","delay is limited to 5000 ms","tests.products","2026-10-10","passed","2026-10-10","TestListProducts","test_001_list_products","",""
"RULE-auth-login-requires-credentials: missing username/password → 400.
        Verifies: required fields are enforced.","125","Username and password are both required","tests.auth","2026-10-10","passed","2026-10-10","TestLogin","test_001_login","",""
"Endpoint inventory: GET /products/{id}. Verifies: a product can be fetched by id.","27","Get a product by id","tests.products","2026-10-10","passed","2026-10-10","TestGetProduct","test_002_get_product","",""
"RULE-auth-bearer-required-on-auth-routes. Verifies: the /auth/ mirror of a public route is locked.","262","Protected product list requires a token","tests.products","2026-10-10","passed","2026-10-10","TestProtectedProductRoutes","test_007_protected_routes","",""
"RULE-auth-expiry-configurable (docs: refresh expiresInMins applies to the access token).
        Verifies: the new access token gets the requested lifetime.","127","Refresh honours expiresInMins for the new access token","tests.auth","2026-10-10","passed","2026-10-10","TestRefresh","test_003_refresh","",""
"RULE-auth-token-types-not-interchangeable (inferred). Verifies: tokens can't be swapped (other direction).","127","Access token cannot be used as a refresh token","tests.auth","2026-10-10","skipped","2026-10-10","TestRefresh","test_003_refresh","",""
"RULE-products-unknown-id-not-found. Verifies: unknown ids fail with a useful message.","128","Unknown product id returns 404 with a reason","tests.products","2026-10-10","passed","2026-10-10","TestGetProduct","test_002_get_product","",""
"Endpoint inventory: every error body is exactly {""message"": <string>}.
        Verifies: refresh errors use the standard body.","252","Refresh errors use the standard error body","tests.auth","2026-10-10","passed","2026-10-10","TestRefresh","test_003_refresh","",""
"RULE-auth-login-returns-token-pair. Verifies: the login body has exactly the documented fields.","131","Login response matches LoginResponse exactly","tests.auth","2026-10-10","passed","2026-10-10","TestLogin","test_001_login","",""
"RULE-auth-me-hides-sensitive-fields (inferred). Verifies: no secrets in the identity response.","147","Current user response hides sensitive data","tests.auth","2026-10-10","skipped","2026-10-10","TestCurrentUser","test_002_current_user","",""
"RULE-products-select-fields: comma-separated or repeated select; id always included.
        Verifies: field selection trims the payload.","137","select returns only the requested fields","tests.products","2026-10-10","passed","2026-10-10","TestListProducts","test_001_list_products","",""
"RULE-products-categories-lists-agree. Verifies: the two category routes list the same categories.","255","The two category routes agree","tests.products","2026-10-10","passed","2026-10-10","TestCategories","test_004_categories","",""
"Endpoint inventory: every error body is exactly {""message"": <string>}.
        Verifies: every login error is the standard {message} body.","256","Login errors use the standard error body","tests.auth","2026-10-10","passed","2026-10-10","TestLogin","test_001_login","",""
"RULE-auth-expiry-configurable: expiresInMins optional, default 60, max 43200.
        Verifies: no expiresInMins gives the documented default.","133","Token lifetime defaults to 60 minutes","tests.auth","2026-10-10","passed","2026-10-10","TestLogin","test_001_login","",""
"RULE-auth-bearer-required-on-auth-routes. Verifies: the protected write route is locked.","386","Protected add requires a token","tests.products","2026-10-10","passed","2026-10-10","TestProtectedProductRoutes","test_007_protected_routes","",""
"RULE-auth-bearer-required-on-auth-routes. Verifies: protected update/delete are locked.","296","Protected update and delete require a token","tests.products","2026-10-10","passed","2026-10-10","TestProtectedProductRoutes","test_007_protected_routes","",""
"Endpoint inventory: list item and detail record are identical (observed live).
        Verifies: both routes return the same record.","277","List and detail return the same record","tests.products","2026-10-10","passed","2026-10-10","TestGetProduct","test_002_get_product","",""
"RULE-auth-refresh-issues-new-pair. Verifies: the cookie path works (docs).","125","Refresh accepts the refreshToken cookie","tests.auth","2026-10-10","passed","2026-10-10","TestRefresh","test_003_refresh","",""
"Endpoint inventory: CurrentUser (identity fields + other user fields).
        Verifies: identity fields a client relies on are present and typed.","150","Current user matches CurrentUser","tests.auth","2026-10-10","passed","2026-10-10","TestCurrentUser","test_002_current_user","",""
"RULE-auth-login-sets-token-cookies: tokens are returned in the body and set as cookies.
        Verifies: browser clients get the tokens as cookies.","132","Login sets both token cookies","tests.auth","2026-10-10","passed","2026-10-10","TestLogin","test_001_login","",""
"RULE-products-modified-date-filter + RULE-products-category-filter.
        Verifies: filters combine as documented.","271","Category filter combines with the date filter","tests.products","2026-10-10","passed","2026-10-10","TestCategories","test_004_categories","",""
"RULE-auth-invalid-token-rejected (inferred). Verifies: a forged signature is refused.","126","Forged signature is rejected with 401","tests.auth","2026-10-10","skipped","2026-10-10","TestCurrentUser","test_002_current_user","",""
"RULE-products-invalid-paging-rejected. Verifies: bad skip input is rejected with a reason.","129","Negative skip is rejected with 400","tests.products","2026-10-10","passed","2026-10-10","TestListProducts","test_001_list_products","",""
"RULE-auth-expiry-configurable. Verifies: one over the max is a client error.","128","Lifetime above the maximum is rejected with 400","tests.auth","2026-10-10","skipped","2026-10-10","TestLogin","test_001_login","",""
"RULE-products-search-title-description. Verifies: every hit is relevant.","146","Every search hit matches the term","tests.products","2026-10-10","passed","2026-10-10","TestSearchProducts","test_003_search_products","",""
"RULE-auth-expiry-configurable. Verifies: a negative lifetime is a client error.","127","Negative lifetime is rejected with 400","tests.auth","2026-10-10","skipped","2026-10-10","TestLogin","test_001_login","",""
"RULE-auth-bad-credentials-generic-error: wrong password and unknown user both return 400
        ""Invalid credentials"". Verifies: no login, and no hint which usernames exist.","128","Bad credentials are rejected without saying which","tests.auth","2026-10-10","passed","2026-10-10","TestLogin","test_001_login","",""
"RULE-products-modified-date-filter. Verifies: the date filter keeps exactly the products in range.","295","modifiedAfter / modifiedBefore keep exactly the products in range","tests.products","2026-10-10","passed","2026-10-10","TestListProducts","test_001_list_products","",""
"RULE-products-category-filter. Verifies: an unknown category is empty, not 404.","134","Unknown category returns an empty list","tests.products","2026-10-10","passed","2026-10-10","TestCategories","test_004_categories","",""
"RULE-auth-login-requires-credentials: missing username/password → 400.
        Verifies: required fields are enforced.","128","Username and password are both required","tests.auth","2026-10-10","passed","2026-10-10","TestLogin","test_001_login","",""
"RULE-products-update-response-shape (inferred). Verifies: update and read return the same shape.","403","Update response has the same shape as GET","tests.products","2026-10-10","skipped","2026-10-10","TestUpdateDeleteProduct","test_006_update_delete_product","",""
"RULE-auth-login-requires-credentials: missing username/password → 400.
        Verifies: required fields are enforced.","127","Username and password are both required","tests.auth","2026-10-10","passed","2026-10-10","TestLogin","test_001_login","",""
"RULE-products-unknown-id-not-found. Verifies: writes to missing products fail clearly.","125","Writes to an unknown product return 404","tests.products","2026-10-10","passed","2026-10-10","TestUpdateDeleteProduct","test_006_update_delete_product","",""
"RULE-products-limit-skip-paginate. Verifies: limit=0 means no limit.","239","limit=0 returns every product","tests.products","2026-10-10","passed","2026-10-10","TestListProducts","test_001_list_products","",""
"RULE-products-writes-simulated (docs: returns isDeleted & deletedOn; ""will not delete it"").
        Verifies: delete returns the marker; the product still exists.","404","DELETE returns the deleted marker; the product still exists","tests.products","2026-10-10","passed","2026-10-10","TestUpdateDeleteProduct","test_006_update_delete_product","",""
"RULE-products-limit-skip-paginate. Verifies: page 2 continues where page 1 ended.","288","Consecutive pages do not overlap","tests.products","2026-10-10","passed","2026-10-10","TestListProducts","test_001_list_products","",""
"RULE-products-sort-by-order. Verifies: sorting covers the whole result.","141","Products sort by price","tests.products","2026-10-10","passed","2026-10-10","TestListProducts","test_001_list_products","",""
"RULE-products-unknown-id-not-found. Verifies: writes to missing products fail clearly.","126","Writes to an unknown product return 404","tests.products","2026-10-10","passed","2026-10-10","TestUpdateDeleteProduct","test_006_update_delete_product","",""
"Endpoint inventory: Product. Verifies: a single product has exactly the Product shape.","31","A product matches Product","tests.products","2026-10-10","passed","2026-10-10","TestGetProduct","test_002_get_product","",""
"RULE-products-update-response-shape (inferred). Verifies: update and read return the same shape.","400","Update response has the same shape as GET","tests.products","2026-10-10","skipped","2026-10-10","TestUpdateDeleteProduct","test_006_update_delete_product","",""
"RULE-auth-refresh-token-required. Verifies: the refresh token is required.","127","Missing refresh token is rejected with 401","tests.auth","2026-10-10","passed","2026-10-10","TestRefresh","test_003_refresh","",""
"RULE-products-unknown-id-not-found. Verifies: unknown ids fail with a useful message.","130","Unknown product id returns 404 with a reason","tests.products","2026-10-10","passed","2026-10-10","TestGetProduct","test_002_get_product","",""
"RULE-products-writes-simulated. Verifies: the change is applied, other fields kept.","408","PUT applies the change and keeps other fields","tests.products","2026-10-10","passed","2026-10-10","TestUpdateDeleteProduct","test_006_update_delete_product","",""
"RULE-products-writes-simulated. Verifies: read-your-write: the documented simulation.","258","An added product is not persisted","tests.products","2026-10-10","passed","2026-10-10","TestAddProduct","test_005_add_product","",""
"RULE-products-writes-simulated. Verifies: add returns the product with a new id.","260","Add echoes the product with a new id","tests.products","2026-10-10","passed","2026-10-10","TestAddProduct","test_005_add_product","",""
"RULE-products-sort-by-order (observed live: unknown sortBy ignored).
        Verifies: pins the observed fallback for an unknown field.","147","Unknown sort field is ignored","tests.products","2026-10-10","passed","2026-10-10","TestListProducts","test_001_list_products","",""
"RULE-auth-token-types-not-interchangeable (inferred). Verifies: tokens can't be swapped.","135","Refresh token cannot be used as an access token","tests.auth","2026-10-10","skipped","2026-10-10","TestCurrentUser","test_002_current_user","",""
"RULE-products-limit-skip-paginate. Verifies: skip/limit pick the exact window.","141","limit and skip select the right window","tests.products","2026-10-10","passed","2026-10-10","TestListProducts","test_001_list_products","",""
"RULE-auth-bearer-required-on-auth-routes: /auth/* take Authorization: Bearer <token>.
        Verifies: a valid token identifies its user.","151","Valid Bearer token returns the current user","tests.auth","2026-10-10","passed","2026-10-10","TestCurrentUser","test_002_current_user","",""
"RULE-products-invalid-paging-rejected. Verifies: bad paging input is rejected with a reason.","127","Invalid limit is rejected with 400","tests.products","2026-10-10","passed","2026-10-10","TestListProducts","test_001_list_products","",""
"RULE-auth-invalid-token-rejected (inferred). Verifies: the documented header format is enforced.","128","Token without the Bearer prefix is rejected","tests.auth","2026-10-10","skipped","2026-10-10","TestCurrentUser","test_002_current_user","",""
"RULE-products-delay-max-5000. Verifies: the documented delay range is enforced.","130","delay is limited to 5000 ms","tests.products","2026-10-10","passed","2026-10-10","TestListProducts","test_001_list_products","",""
